﻿Designator,Footprint,Quantity,Value,LCSC Part #
BZ1,Buzzer_Mallory_AST1109MLTRQ,1,LPT1440S-HS-05,
C1,CP_Radial_D6.3mm_P2.50mm,1,10uF,
"C2, C3, C6",1206,3,100nF,
C4,CP_Radial_D5.0mm_P2.00mm,1,22uF,
C5,1206,1,1uF,
C7,CP_Radial_D5.0mm_P2.50mm,1,1uF,
D1,D_SMA,1,SMAJ5.0CA,
D2,LED_WS2812_PLCC6_5.0x5.0mm_P1.6mm,1,WS2812,
D3,LED_D5.0mm_Clear,1,LL-503SIRC2H-1BE,
F1,1812,1,PTS18126V300 (3A),
F2,1206,1,0ZCJ0100FF2E (1A),
J1,USB_C_Receptacle_GCT_USB4105-xx-A_16P_TopMnt_Horizontal,1,USB_C_Receptacle,
J2,PinHeader_2x04_P2.54mm_Vertical,1,Conn_02x04_Odd_Even,
J3,PinHeader_1x08_P2.00mm_Vertical,1,Conn_01x08,
J4,PinHeader_1x03_P2.54mm_Vertical,1,CONN_WS2812,
J5,NS-Tech_Grove_1x04_P2mm_Vertical,1,CONN_I2C_GROVE,
J6,PinHeader_1x04_P2.54mm_Vertical,1,CONN_UART,
Q1,SOT-23,1,BSS138,
"R1, R3, R8",1206,3,10k,
"R10, R9",1206,2,4.7k,
R2,1206,1,1k,
"R4, R5",1206,2,5.1k,
R6,1206,1,100,
R7,1206,1,22,
SW1,SW_PUSH_6mm,1,SW_RESET,
SW2,SW_PUSH_6mm,1,SW_ACK,
TP1,TestPoint_Pad_D2.0mm,1,TP_5V,
TP2,TestPoint_Pad_D2.0mm,1,TP_VBUS,
TP3,TestPoint_Pad_D2.0mm,1,TP_3.3V,
TP4,TestPoint_Pad_D2.0mm,1,TP_21812_3.3,
TP5,TestPoint_Pad_D2.0mm,1,TP_2812_5,
TP6,TestPoint_Pad_D2.0mm,1,TP_IR_TX_OUT,
TP7,TestPoint_Pad_D2.0mm,1,TP_IR_RX,
TP8,TestPoint_Pad_D2.0mm,1,TP_BUZZ,
TP9,TestPoint_Pad_D2.0mm,1,TP_IR_TX_IN,
"U1, U4",SOT-23-6,2,USBLC6-2SC6,
U2,SOT-223-3_TabPin2,1,AMS1117-3.3,
U3,SSOP-10-1EP_3.9x4.9mm_P1mm_EP2.1x3.3mm,1,CH224K,
U5,SOT-353_SC-70-5_Handsoldering,1,74AHCT1G125,
U6,Vishay_MINICAST-3Pin,1,TSOP384xx,
U7,ESP32-S3-WROOM-1,1,ESP32-S3-WROOM-1-N16,
